
BEGIN TRANSACTION;
CREATE TABLE IF NOT EXISTS "django_migrations" ("id" integer NOT NULL PRIMARY KEY AUTOINCREMENT, "app" varchar(255) NOT NULL, "name" varchar(255) NOT NULL, "applied" datetime NOT NULL);
INSERT INTO django_migrations VALUES(1,'contenttypes','0001_initial','2024-06-25 09:21:29.922084');
INSERT INTO django_migrations VALUES(2,'contenttypes','0002_remove_content_type_name','2024-06-25 09:21:29.947760');
INSERT INTO django_migrations VALUES(3,'auth','0001_initial','2024-06-25 09:21:29.970488');
INSERT INTO django_migrations VALUES(4,'auth','0002_alter_permission_name_max_length','2024-06-25 09:21:29.981257');
INSERT INTO django_migrations VALUES(5,'auth','0003_alter_user_email_max_length','2024-06-25 09:21:29.989237');
INSERT INTO django_migrations VALUES(6,'auth','0004_alter_user_username_opts','2024-06-25 09:21:30.001869');
INSERT INTO django_migrations VALUES(7,'auth','0005_alter_user_last_login_null','2024-06-25 09:21:30.015403');
INSERT INTO django_migrations VALUES(8,'auth','0006_require_contenttypes_0002','2024-06-25 09:21:30.020637');
INSERT INTO django_migrations VALUES(9,'auth','0007_alter_validators_add_error_messages','2024-06-25 09:21:30.031158');
INSERT INTO django_migrations VALUES(10,'auth','0008_alter_user_username_max_length','2024-06-25 09:21:30.036985');
INSERT INTO django_migrations VALUES(11,'auth','0009_alter_user_last_name_max_length','2024-06-25 09:21:30.048286');
INSERT INTO django_migrations VALUES(12,'auth','0010_alter_group_name_max_length','2024-06-25 09:21:30.062417');
INSERT INTO django_migrations VALUES(13,'auth','0011_update_proxy_permissions','2024-06-25 09:21:30.069017');
INSERT INTO django_migrations VALUES(14,'auth','0012_alter_user_first_name_max_length','2024-06-25 09:21:30.076584');
INSERT INTO django_migrations VALUES(15,'core','0001_initial','2024-06-25 09:21:30.095430');
INSERT INTO django_migrations VALUES(16,'admin','0001_initial','2024-06-25 09:21:30.120783');
INSERT INTO django_migrations VALUES(17,'admin','0002_logentry_remove_auto_add','2024-06-25 09:21:30.136606');
INSERT INTO django_migrations VALUES(18,'admin','0003_logentry_add_action_flag_choices','2024-06-25 09:21:30.154164');
INSERT INTO django_migrations VALUES(19,'sessions','0001_initial','2024-06-25 09:21:30.165143');
INSERT INTO django_migrations VALUES(20,'core','0002_medical','2024-06-25 09:23:40.590088');
INSERT INTO django_migrations VALUES(21,'core','0003_ment','2024-06-25 09:26:09.014302');
INSERT INTO django_migrations VALUES(22,'core','0004_profile','2024-06-25 09:28:27.690422');
CREATE TABLE IF NOT EXISTS "django_content_type" ("id" integer NOT NULL PRIMARY KEY AUTOINCREMENT, "app_label" varchar(100) NOT NULL, "model" varchar(100) NOT NULL);
INSERT INTO django_content_type VALUES(1,'admin','logentry');
INSERT INTO django_content_type VALUES(2,'auth','permission');
INSERT INTO django_content_type VALUES(3,'auth','group');
INSERT INTO django_content_type VALUES(4,'contenttypes','contenttype');
INSERT INTO django_content_type VALUES(5,'sessions','session');
INSERT INTO django_content_type VALUES(6,'core','user');
INSERT INTO django_content_type VALUES(7,'core','medical');
INSERT INTO django_content_type VALUES(8,'core','ment');
INSERT INTO django_content_type VALUES(9,'core','profile');
CREATE TABLE IF NOT EXISTS "auth_group_permissions" ("id" integer NOT NULL PRIMARY KEY AUTOINCREMENT, "group_id" integer NOT NULL REFERENCES "auth_group" ("id") DEFERRABLE INITIALLY DEFERRED, "permission_id" integer NOT NULL REFERENCES "auth_permission" ("id") DEFERRABLE INITIALLY DEFERRED);
CREATE TABLE IF NOT EXISTS "auth_permission" ("id" integer NOT NULL PRIMARY KEY AUTOINCREMENT, "content_type_id" integer NOT NULL REFERENCES "django_content_type" ("id") DEFERRABLE INITIALLY DEFERRED, "codename" varchar(100) NOT NULL, "name" varchar(255) NOT NULL);
INSERT INTO auth_permission VALUES(1,1,'add_logentry','Can add log entry');
INSERT INTO auth_permission VALUES(2,1,'change_logentry','Can change log entry');
INSERT INTO auth_permission VALUES(3,1,'delete_logentry','Can delete log entry');
INSERT INTO auth_permission VALUES(4,1,'view_logentry','Can view log entry');
INSERT INTO auth_permission VALUES(5,2,'add_permission','Can add permission');
INSERT INTO auth_permission VALUES(6,2,'change_permission','Can change permission');
INSERT INTO auth_permission VALUES(7,2,'delete_permission','Can delete permission');
INSERT INTO auth_permission VALUES(8,2,'view_permission','Can view permission');
INSERT INTO auth_permission VALUES(9,3,'add_group','Can add group');
INSERT INTO auth_permission VALUES(10,3,'change_group','Can change group');
INSERT INTO auth_permission VALUES(11,3,'delete_group','Can delete group');
INSERT INTO auth_permission VALUES(12,3,'view_group','Can view group');
INSERT INTO auth_permission VALUES(13,4,'add_contenttype','Can add content type');
INSERT INTO auth_permission VALUES(14,4,'change_contenttype','Can change content type');
INSERT INTO auth_permission VALUES(15,4,'delete_contenttype','Can delete content type');
INSERT INTO auth_permission VALUES(16,4,'view_contenttype','Can view content type');
INSERT INTO auth_permission VALUES(17,5,'add_session','Can add session');
INSERT INTO auth_permission VALUES(18,5,'change_session','Can change session');
INSERT INTO auth_permission VALUES(19,5,'delete_session','Can delete session');
INSERT INTO auth_permission VALUES(20,5,'view_session','Can view session');
INSERT INTO auth_permission VALUES(21,6,'add_user','Can add user');
INSERT INTO auth_permission VALUES(22,6,'change_user','Can change user');
INSERT INTO auth_permission VALUES(23,6,'delete_user','Can delete user');
INSERT INTO auth_permission VALUES(24,6,'view_user','Can view user');
INSERT INTO auth_permission VALUES(25,7,'add_medical','Can add medical');
INSERT INTO auth_permission VALUES(26,7,'change_medical','Can change medical');
INSERT INTO auth_permission VALUES(27,7,'delete_medical','Can delete medical');
INSERT INTO auth_permission VALUES(28,7,'view_medical','Can view medical');
INSERT INTO auth_permission VALUES(29,8,'add_ment','Can add ment');
INSERT INTO auth_permission VALUES(30,8,'change_ment','Can change ment');
INSERT INTO auth_permission VALUES(31,8,'delete_ment','Can delete ment');
INSERT INTO auth_permission VALUES(32,8,'view_ment','Can view ment');
INSERT INTO auth_permission VALUES(33,9,'add_profile','Can add profile');
INSERT INTO auth_permission VALUES(34,9,'change_profile','Can change profile');
INSERT INTO auth_permission VALUES(35,9,'delete_profile','Can delete profile');
INSERT INTO auth_permission VALUES(36,9,'view_profile','Can view profile');
CREATE TABLE IF NOT EXISTS "auth_group" ("id" integer NOT NULL PRIMARY KEY AUTOINCREMENT, "name" varchar(150) NOT NULL UNIQUE);
CREATE TABLE IF NOT EXISTS "core_user" ("id" integer NOT NULL PRIMARY KEY AUTOINCREMENT, "password" varchar(128) NOT NULL, "last_login" datetime NULL, "is_superuser" bool NOT NULL, "username" varchar(150) NOT NULL UNIQUE, "first_name" varchar(150) NOT NULL, "last_name" varchar(150) NOT NULL, "email" varchar(254) NOT NULL, "is_staff" bool NOT NULL, "is_active" bool NOT NULL, "date_joined" datetime NOT NULL, "is_patient" bool NOT NULL, "is_doctor" bool NOT NULL, "phonenumber" varchar(200) NULL);
INSERT INTO core_user VALUES(1,'pbkdf2_sha256$260000$5YlM2RNb25TcUzt4oxPPLk$o3cZ8/DAQ810K+z2RYdSj5FbWbcZdV6sItbgcvxqfsk=','2024-06-28 01:42:34.547245',1,'Chitta','','','chitta8249@outlook.com',1,1,'2024-06-25 09:32:21.327758',0,0,NULL);
INSERT INTO core_user VALUES(2,'dipu',NULL,0,'dipu','Dipti ranjan','Mangaraj','',0,1,'2024-06-25 09:35:45',0,1,'+91 8249982720');
INSERT INTO core_user VALUES(3,'aviram',NULL,0,'aviram','aviram','panda','',0,1,'2024-06-25 09:37:51',1,0,'+91 9114169008');
INSERT INTO core_user VALUES(4,'pbkdf2_sha256$260000$ltVL2QXVSoAJGDslTkVoXY$Clq4On0Wny2uNmfqqxlg4o8b/aC08d/QJkBFlgXOSrg=','2024-06-28 01:52:14.294963',0,'pankaj','','','vidabes242@weirby.com',0,1,'2024-06-25 11:28:33.128728',1,0,NULL);
INSERT INTO core_user VALUES(5,'pbkdf2_sha256$260000$9WCURNLyBLlOlK6VXiapAP$T7GJtulUmxCniJuFdBefaK9C1AKCpGlndRLbH3bJN1Q=',NULL,0,'bnknkn','','','mangaraj99@gmail.com',0,1,'2024-06-25 11:32:19.562149',1,0,NULL);
INSERT INTO core_user VALUES(6,'pbkdf2_sha256$260000$9TxS6Oj6WpBbnYUtQyQVJk$YCRvm5bus84DB7gIq6ELHadYM8e2L5W7tc32raf8B0I=',NULL,0,'ranjan','','','vidabes242@weirby.com',0,1,'2024-06-28 01:23:54.619584',1,0,NULL);
CREATE TABLE IF NOT EXISTS "core_user_groups" ("id" integer NOT NULL PRIMARY KEY AUTOINCREMENT, "user_id" bigint NOT NULL REFERENCES "core_user" ("id") DEFERRABLE INITIALLY DEFERRED, "group_id" integer NOT NULL REFERENCES "auth_group" ("id") DEFERRABLE INITIALLY DEFERRED);
CREATE TABLE IF NOT EXISTS "core_user_user_permissions" ("id" integer NOT NULL PRIMARY KEY AUTOINCREMENT, "user_id" bigint NOT NULL REFERENCES "core_user" ("id") DEFERRABLE INITIALLY DEFERRED, "permission_id" integer NOT NULL REFERENCES "auth_permission" ("id") DEFERRABLE INITIALLY DEFERRED);
CREATE TABLE IF NOT EXISTS "django_admin_log" ("id" integer NOT NULL PRIMARY KEY AUTOINCREMENT, "action_time" datetime NOT NULL, "object_id" text NULL, "object_repr" varchar(200) NOT NULL, "change_message" text NOT NULL, "content_type_id" integer NULL REFERENCES "django_content_type" ("id") DEFERRABLE INITIALLY DEFERRED, "user_id" bigint NOT NULL REFERENCES "core_user" ("id") DEFERRABLE INITIALLY DEFERRED, "action_flag" smallint unsigned NOT NULL CHECK ("action_flag" >= 0));
INSERT INTO django_admin_log VALUES(1,'2024-06-25 09:37:44.510566','2','dipu','[{"added": {}}]',6,1,1);
INSERT INTO django_admin_log VALUES(2,'2024-06-25 09:39:46.280297','3','aviram','[{"added": {}}]',6,1,1);
INSERT INTO django_admin_log VALUES(3,'2024-06-28 01:43:53.316059','2','india','[{"added": {}}]',9,1,1);
CREATE TABLE IF NOT EXISTS "django_session" ("session_key" varchar(40) NOT NULL PRIMARY KEY, "session_data" text NOT NULL, "expire_date" datetime NOT NULL);
INSERT INTO django_session VALUES('g6k6amx08xtvz16z0kj6e4xx2pcw1xg2','.eJxVjMsOwiAQRf-FtSEUBpi6dO83kCkz2KqBpI-V8d-1SRe6veec-1KJtnVM2yJzmlidFajT7zZQfkjdAd-p3prOra7zNOhd0Qdd9LWxPC-H-3cw0jJ-aztYhIIYfBdtJCcMxvQRQSyWgN51zrAXph4KebISBMhkn4NDA51T7w-7SDbo:1sN0Ew:E6PSkz_nNAfQy8Aff2KY-an25qRvlNQDx0WFQ_qWNV0','2024-07-12 01:17:26.894720');
INSERT INTO django_session VALUES('ykwcxj10gj6r0j3j8lsexx1pcf0wi8lu','.eJxVjMsOwiAQRf-FtSEUBpi6dO83kCkz2KqBpI-V8d-1SRe6veec-1KJtnVM2yJzmlidFajT7zZQfkjdAd-p3prOra7zNOhd0Qdd9LWxPC-H-3cw0jJ-aztYhIIYfBdtJCcMxvQRQSyWgN51zrAXph4KebISBMhkn4NDA51T7w-7SDbo:1sN0mc:78lo1Co2PS94PLslM-MjuvBcpo-eERMc8P4nNXvDaqA','2024-07-12 01:52:14.302477');
CREATE TABLE IF NOT EXISTS "core_medical" ("id" integer NOT NULL PRIMARY KEY AUTOINCREMENT, "s1" varchar(200) NOT NULL, "s2" varchar(200) NOT NULL, "s3" varchar(200) NOT NULL, "s4" varchar(200) NOT NULL, "s5" varchar(200) NOT NULL, "disease" varchar(200) NOT NULL, "medicine" varchar(200) NOT NULL, "created_on" datetime NOT NULL, "doctor_id" bigint NULL REFERENCES "core_user" ("id") DEFERRABLE INITIALLY DEFERRED, "patient_id" bigint NOT NULL REFERENCES "core_user" ("id") DEFERRABLE INITIALLY DEFERRED);
INSERT INTO core_medical VALUES(1,'blister','bloody_stool','burning_micturition','depression','enlarged_thyroid','urinary tract infection','','2024-06-28 01:59:16.833556',NULL,4);
INSERT INTO core_medical VALUES(2,'blackheads','bloody_stool','breathlessness','burning_micturition','restlessness','heart attack','','2024-06-28 02:02:43.974486',NULL,4);
CREATE TABLE IF NOT EXISTS "core_ment" ("id" integer NOT NULL PRIMARY KEY AUTOINCREMENT, "approved" bool NOT NULL, "time" varchar(200) NULL, "ment_day" datetime NULL, "created_on" datetime NOT NULL, "doctor_id" bigint NULL REFERENCES "core_user" ("id") DEFERRABLE INITIALLY DEFERRED, "medical_id" bigint NULL REFERENCES "core_medical" ("id") DEFERRABLE INITIALLY DEFERRED, "patient_id" bigint NOT NULL REFERENCES "core_user" ("id") DEFERRABLE INITIALLY DEFERRED);
INSERT INTO core_ment VALUES(1,0,NULL,NULL,'2024-06-28 02:02:59.116021',NULL,2,4);
CREATE TABLE IF NOT EXISTS "core_profile" ("id" integer NOT NULL PRIMARY KEY AUTOINCREMENT, "avatar" varchar(100) NOT NULL, "birth_date" date NOT NULL, "region" varchar(255) NOT NULL, "gender" varchar(255) NOT NULL, "country" varchar(255) NOT NULL, "user_id" bigint NOT NULL UNIQUE REFERENCES "core_user" ("id") DEFERRABLE INITIALLY DEFERRED);
INSERT INTO core_profile VALUES(1,'profile/avator.png','2001-06-13','pankaj','Male','india',4);
INSERT INTO core_profile VALUES(2,'profile/avator.png','2024-06-18','mahrastra','male','india',6);
DELETE FROM sqlite_sequence;
INSERT INTO sqlite_sequence VALUES('django_migrations',22);
INSERT INTO sqlite_sequence VALUES('django_content_type',9);
INSERT INTO sqlite_sequence VALUES('auth_permission',36);
INSERT INTO sqlite_sequence VALUES('auth_group',0);
INSERT INTO sqlite_sequence VALUES('django_admin_log',3);
INSERT INTO sqlite_sequence VALUES('core_user',6);
INSERT INTO sqlite_sequence VALUES('core_profile',2);
INSERT INTO sqlite_sequence VALUES('core_medical',2);
INSERT INTO sqlite_sequence VALUES('core_ment',1);
CREATE UNIQUE INDEX "django_content_type_app_label_model_76bd3d3b_uniq" ON "django_content_type" ("app_label", "model");
CREATE UNIQUE INDEX "auth_group_permissions_group_id_permission_id_0cd325b0_uniq" ON "auth_group_permissions" ("group_id", "permission_id");
CREATE INDEX "auth_group_permissions_group_id_b120cbf9" ON "auth_group_permissions" ("group_id");
CREATE INDEX "auth_group_permissions_permission_id_84c5c92e" ON "auth_group_permissions" ("permission_id");
CREATE UNIQUE INDEX "auth_permission_content_type_id_codename_01ab375a_uniq" ON "auth_permission" ("content_type_id", "codename");
CREATE INDEX "auth_permission_content_type_id_2f476e4b" ON "auth_permission" ("content_type_id");
CREATE UNIQUE INDEX "core_user_groups_user_id_group_id_c82fcad1_uniq" ON "core_user_groups" ("user_id", "group_id");
CREATE INDEX "core_user_groups_user_id_70b4d9b8" ON "core_user_groups" ("user_id");
CREATE INDEX "core_user_groups_group_id_fe8c697f" ON "core_user_groups" ("group_id");
CREATE UNIQUE INDEX "core_user_user_permissions_user_id_permission_id_73ea0daa_uniq" ON "core_user_user_permissions" ("user_id", "permission_id");
CREATE INDEX "core_user_user_permissions_user_id_085123d3" ON "core_user_user_permissions" ("user_id");
CREATE INDEX "core_user_user_permissions_permission_id_35ccf601" ON "core_user_user_permissions" ("permission_id");
CREATE INDEX "django_admin_log_content_type_id_c4bce8eb" ON "django_admin_log" ("content_type_id");
CREATE INDEX "django_admin_log_user_id_c564eba6" ON "django_admin_log" ("user_id");
CREATE INDEX "django_session_expire_date_a5c62663" ON "django_session" ("expire_date");
CREATE INDEX "core_medical_doctor_id_3d50ad37" ON "core_medical" ("doctor_id");
CREATE INDEX "core_medical_patient_id_5344c821" ON "core_medical" ("patient_id");
CREATE INDEX "core_ment_doctor_id_60a15865" ON "core_ment" ("doctor_id");
CREATE INDEX "core_ment_medical_id_f2161916" ON "core_ment" ("medical_id");
CREATE INDEX "core_ment_patient_id_d91dbfa4" ON "core_ment" ("patient_id");
COMMIT;
